StartDate,EndDate,Status,IPAddress,Progress,Duration (in seconds),Finished,RecordedDate,ResponseId,RecipientLastName,RecipientFirstName,RecipientEmail,ExternalReference,LocationLatitude,LocationLongitude,DistributionChannel,UserLanguage,QID4_Browser,QID4_Version,QID4_Operating System,QID4_Resolution,BFS-S_Question_1,BFS-S_Question_2,BFS-S_Question_3,BFS-S_Question_4,BFS-S_Question_5,BFS-S_Question_6,BFS-S_Question_7,BFS-S_Question_8,BFS-S_Question_9,BFS-S_Question_10,BFS-S_Question_11,BFS-S_Question_12,BFS-S_Question_13,BFS-S_Question_14,BFS-S_Question_15,BFS-S_Question_16,BFS-S_Question_17,BFS-S_Question_18,BFS-S_Question_19,BFS-S_Question_20,BFS-S_Question_21,BFS-S_Question_22,BFS-S_Question_23,BFS-S_Question_24,BFS-S_Question_25,BFS-S_Question_26,BFS-S_Question_27,BFS-S_Question_28,BFS-S_Question_29,Repeat_Password,CrowdWorksID,ParticipantID,cwid,Extraversion,Conscientiousness,Neuroticism,Openness,Agreeableness
2023-10-18 14:02:22,2023-10-18 14:03:46,0,153.191.5.7,100,83,1,2023-10-18 14:03:46,R_3oXyYXOx6Jtm6AF,,,,,34.71,137.7418,anonymous,JA,,,,,4,5,5,5,5,5,5,6,3,4,3,2,4,5,3,5,3,3,4,5,3,4,3,2,2,6,6,3,6,RO97496,1039845,97496,1039845,4.8,3.4285714285714284,4.0,3.6666666666666665,5.833333333333333
2023-10-18 14:07:56,2023-10-18 14:09:09,0,49.104.7.182,100,73,1,2023-10-18 14:09:09,R_2tgTajJRHRElilv,,,,,35.6897,139.6895,anonymous,JA,,,,,7,1,2,1,2,3,5,3,6,4,5,5,7,7,7,7,5,2,4,2,3,5,3,3,3,6,5,5,2,RO61398,367640,61398,367640,1.4,3.857142857142857,6.6,3.1666666666666665,4.333333333333333
2023-10-18 14:10:23,2023-10-18 14:11:45,0,153.134.76.139,100,81,1,2023-10-18 14:11:45,R_1C12fcWjJi3LGks,,,,,33.2251,131.6078,anonymous,JA,,,,,7,2,1,2,2,1,1,3,3,6,2,7,2,6,1,6,6,1,3,1,5,6,3,1,1,6,3,2,6,RO89832,4868810,89832,4868810,1.6,6.142857142857143,4.2,3.1666666666666665,5.833333333333333
2023-10-18 14:11:29,2023-10-18 14:13:19,0,14.13.192.2,100,110,1,2023-10-18 14:13:20,R_2OMAM7YOpBiykAA,,,,,35.0012,135.8651,anonymous,JA,,,,,5,2,3,2,3,2,2,3,2,4,2,6,2,3,2,2,2,3,4,4,4,6,6,2,2,5,5,2,5,RO51991,1117797 ,51991,1117797,2.6,5.571428571428571,2.2,4.5,5.5
2023-10-18 14:12:26,2023-10-18 14:14:57,0,153.243.25.139,100,150,1,2023-10-18 14:14:58,R_2dA9bDbmiazemt3,,,,,35.6837,139.6805,anonymous,JA,,,,,7,1,1,1,1,4,4,4,6,4,3,4,7,7,7,7,6,2,3,2,5,2,3,5,5,3,3,6,3,RO90800,312376,90800,312376,1.0,3.857142857142857,6.8,2.8333333333333335,2.8333333333333335
2023-10-18 14:14:52,2023-10-18 14:16:19,0,14.12.96.66,100,86,1,2023-10-18 14:16:20,R_3gSCedYMTPpAGJz,,,,,32.7481,129.8816,anonymous,JA,,,,,4,3,2,3,4,2,2,3,2,5,3,5,2,3,2,6,2,4,4,4,4,4,4,2,2,5,5,4,5,RO96357,222621,96357,222621,3.2,5.428571428571429,3.0,4.0,5.166666666666667
2023-10-18 14:22:10,2023-10-18 14:24:45,0,138.64.197.169,100,155,1,2023-10-18 14:24:46,R_2Uf47OVz99Eqk2r,,,,,34.6886,135.1959,anonymous,JA,,,,,3,4,4,4,5,3,3,3,3,5,4,5,5,5,5,5,3,4,4,4,4,4,4,5,5,4,4,5,4,RO40019,3536109,40019,3536109,4.4,4.857142857142857,4.6,4.0,3.5
2023-10-18 14:24:34,2023-10-18 14:26:11,0,119.230.63.162,100,96,1,2023-10-18 14:26:11,R_1pm7riA3xlVtRX7,,,,,34.6837,135.5236,anonymous,JA,,,,,6,2,2,2,2,6,6,6,6,2,6,4,6,6,6,6,6,2,2,2,2,4,4,6,6,4,2,6,3,RO26843,1103016,26843,1103016,2.0,2.2857142857142856,6.0,2.6666666666666665,2.5
2023-10-18 14:24:34,2023-10-18 14:26:13,0,114.163.129.7,100,98,1,2023-10-18 14:26:13,R_27VfpZZRNYd5OTk,,,,,35.6641,138.5706,anonymous,JA,,,,,3,4,4,3,4,3,3,3,5,4,5,4,6,6,6,6,4,2,4,4,2,5,5,1,2,5,6,2,5,RO21791,96294,21791,96294,4.0,4.142857142857143,5.6,3.6666666666666665,5.833333333333333
2023-10-18 14:25:16,2023-10-18 14:28:02,0,106.154.147.66,100,165,1,2023-10-18 14:28:02,R_2zqEEr1LoqzEJgx,,,,,34.7013,135.5071,anonymous,JA,,,,,3,3,4,2,3,3,5,5,4,3,4,3,5,5,5,6,5,2,4,3,2,4,4,3,3,4,4,3,4,RO12222,1304218,12222,1304218,3.4,3.5714285714285716,5.2,3.1666666666666665,4.5
2023-10-18 14:26:04,2023-10-18 14:28:16,0,119.230.54.70,100,131,1,2023-10-18 14:28:16,R_1cTB2JY4A9yoHwo,,,,,34.5523,135.7058,anonymous,JA,,,,,3,4,5,3,4,4,3,4,3,5,4,4,5,5,5,5,5,3,4,3,3,4,4,4,5,5,4,5,5,RO97128,4883826,97128,4883826,4.2,4.428571428571429,5.0,3.5,4.0
2023-10-18 14:28:02,2023-10-18 14:30:03,0,203.136.81.62,100,120,1,2023-10-18 14:30:03,R_3j3exoU3T4e3szN,,,,,39.7185,140.1211,anonymous,JA,,,,,5,3,4,3,3,3,3,3,3,5,3,5,7,7,7,3,3,3,3,3,5,5,5,1,1,5,5,3,5,RO30376,2577141,30376,2577141,3.2,5.0,5.4,4.0,5.666666666666667
2023-10-18 14:34:19,2023-10-18 14:36:29,0,115.179.109.239,100,130,1,2023-10-18 14:36:30,R_wKS8wyN8FQoP6Mx,,,,,33.8518,130.8503,anonymous,JA,,,,,1,7,6,7,6,2,2,3,1,6,2,4,3,5,1,2,1,4,5,4,4,6,6,2,2,6,6,1,5,RO44225,2382066,44225,2382066,6.6,5.714285714285714,2.4,4.833333333333333,6.0
2023-10-18 14:42:00,2023-10-18 14:43:34,0,5.8.24.236,100,93,1,2023-10-18 14:43:35,R_32VokVukPhOGBRr,,,,,37.3931,-121.962,anonymous,JA,,,,,1,6,6,6,6,1,2,2,1,6,2,5,5,5,3,5,1,4,7,5,4,7,7,1,1,6,6,1,6,RO75774,3270660,75774,3270660,6.2,6.142857142857143,3.8,5.666666666666667,6.5
2023-10-18 14:50:54,2023-10-18 14:52:35,0,60.61.117.153,100,101,1,2023-10-18 14:52:36,R_2TB370EJsz0qVSp,,,,,35.6608,139.3494,anonymous,JA,,,,,5,2,3,3,3,3,2,2,3,5,2,3,3,3,5,5,2,3,3,3,3,3,2,2,1,7,6,2,6,RO28558,2677151,28558,2677151,2.8,5.142857142857143,3.6,2.8333333333333335,6.333333333333333
2023-10-18 15:00:19,2023-10-18 15:01:51,0,60.107.231.215,100,91,1,2023-10-18 15:01:51,R_1mRjqnS5XDjLMZd,,,,,34.7772,135.363,anonymous,JA,,,,,2,2,5,2,2,5,6,3,6,3,3,3,7,7,7,7,7,3,3,5,2,3,4,6,6,2,2,6,2,RO98058,4523774,98058,4523774,3.4,3.2857142857142856,7.0,3.3333333333333335,2.0
2023-10-18 15:02:14,2023-10-18 15:03:39,0,179.6.54.191,100,84,1,2023-10-18 15:03:39,R_ub5Dv9pE0kzXnhL,,,,,-7.163,-78.5008,anonymous,JA,,,,,3,5,5,5,5,2,2,2,1,6,2,5,2,3,2,3,1,4,5,5,5,6,5,3,3,5,5,2,5,RO99166,4733003,99166,4733003,5.0,6.0,2.2,5.0,5.166666666666667
2023-10-18 15:02:16,2023-10-18 15:04:07,0,59.140.226.35,100,111,1,2023-10-18 15:04:08,R_1P1AExWuVhdQ4Ni,,,,,42.3703,141.0048,anonymous,JA,,,,,5,2,2,2,3,6,6,5,6,3,5,5,7,7,6,7,6,3,3,3,3,5,3,5,6,3,2,5,3,RO95742,279820,95742,279820,2.4,2.857142857142857,6.6,3.3333333333333335,2.6666666666666665
2023-10-18 15:07:07,2023-10-18 15:08:04,0,126.43.210.186,100,57,1,2023-10-18 15:08:05,R_1oFmD5JpoqIPq3p,,,,,35.6143,140.1062,anonymous,JA,,,,,2,4,4,2,6,2,2,2,1,6,1,7,2,2,2,3,2,6,3,5,5,7,2,1,2,6,7,2,6,RO94159,930821,94159,930821,4.4,6.428571428571429,2.2,4.666666666666667,6.333333333333333
2023-10-18 15:10:42,2023-10-18 15:12:08,0,179.6.54.191,100,85,1,2023-10-18 15:12:09,R_2xPGzcDNaibnDIi,,,,,-7.163,-78.5008,anonymous,JA,,,,,2,5,4,5,5,2,3,3,2,5,2,5,2,4,4,4,2,4,5,4,4,5,5,2,2,6,5,2,6,RO85269,1221408,85269,1221408,5.0,5.428571428571429,3.2,4.5,5.833333333333333
2023-10-18 15:09:36,2023-10-18 15:12:36,0,27.133.130.197,100,180,1,2023-10-18 15:12:37,R_2Bh9D3J0wd8VRlJ,,,,,35.6897,139.6895,anonymous,JA,,,,,2,5,6,5,5,3,3,3,3,5,3,4,5,5,4,5,2,4,5,4,4,5,5,3,3,5,5,3,5,RO96657,4549143,96657,4549143,5.4,4.857142857142857,4.2,4.5,5.0
2023-10-18 15:11:35,2023-10-18 15:13:27,0,124.143.141.98,100,112,1,2023-10-18 15:13:28,R_25AZlpJnszpwe8d,,,,,36.5104,136.8948,anonymous,JA,,,,,2,4,4,4,4,2,2,2,2,6,2,6,4,4,4,5,4,2,4,4,5,4,4,4,4,4,4,4,4,RO19144,4037243,19144,4037243,4.4,6.0,4.2,3.8333333333333335,4.0
2023-10-18 15:16:45,2023-10-18 15:19:26,0,60.106.125.4,100,160,1,2023-10-18 15:19:27,R_3s0L5Z4Lv3YCYlZ,,,,,35.6837,139.6805,anonymous,JA,,,,,5,1,6,2,2,7,7,6,7,2,6,3,7,7,7,7,5,1,1,2,1,5,5,7,7,1,1,7,1,RO84364,1210600,84364,1210600,2.8,1.7142857142857142,6.6,2.5,1.0
2023-10-18 15:21:59,2023-10-18 15:23:15,0,153.221.22.69,100,76,1,2023-10-18 15:23:16,R_1CjBAg7zVhFcP7Y,,,,,35.5153,139.6192,anonymous,JA,,,,,3,1,3,1,3,5,3,2,5,4,5,5,7,7,6,7,5,2,2,2,1,2,3,2,1,4,4,5,3,RO28663,769122,28663,769122,2.6,4.142857142857143,6.4,2.0,4.5
2023-10-18 15:22:27,2023-10-18 15:25:17,0,114.180.41.10,100,169,1,2023-10-18 15:25:17,R_uqUGX601rvkmD3X,,,,,37.9022,139.0181,anonymous,JA,,,,,6,2,2,2,3,5,5,5,3,3,3,3,3,3,3,3,2,3,3,2,4,3,3,3,3,3,3,3,3,RO40226,963459,40226,963459,2.2,3.5714285714285716,2.8,3.0,4.0
2023-10-18 15:26:19,2023-10-18 15:27:53,0,180.30.22.11,100,93,1,2023-10-18 15:27:53,R_2wcU7FWJGZMIoiF,,,,,34.8287,134.6831,anonymous,JA,,,,,1,4,6,4,6,5,5,7,5,3,5,6,6,6,5,7,4,4,5,6,5,6,7,5,6,5,4,6,5,RO91264,198468,91264,198468,5.4,3.142857142857143,5.6,5.5,3.5
2023-10-18 15:27:19,2023-10-18 15:28:44,0,124.141.234.223,100,85,1,2023-10-18 15:28:44,R_2YonOFj1yt9FNb8,,,,,35.8699,140.0093,anonymous,JA,,,,,3,1,4,1,4,5,4,4,4,3,3,4,1,3,3,5,1,1,5,6,4,7,7,1,1,7,6,3,6,RO13431,59422,13431,59422,3.0,3.857142857142857,2.6,5.0,6.333333333333333
2023-10-18 15:29:10,2023-10-18 15:30:09,0,60.145.56.36,100,58,1,2023-10-18 15:30:09,R_33f3fOHLbQ1p2Jg,,,,,35.1926,136.906,anonymous,JA,,,,,7,1,1,1,2,6,2,5,7,6,5,6,5,2,6,6,6,1,2,2,1,3,2,5,1,6,6,5,4,RO37730,4550563,37730,4550563,1.2,3.857142857142857,5.0,1.8333333333333333,4.833333333333333
2023-10-18 15:27:34,2023-10-18 15:31:10,0,133.149.88.4,100,216,1,2023-10-18 15:31:10,R_SPHklWWVbK1svOV,,,,,35.3327,136.6896,anonymous,JA,,,,,6,3,2,3,2,4,5,5,4,4,4,3,6,6,5,5,3,3,4,3,3,5,4,3,2,4,4,5,4,RO31528,3675780,31528,3675780,2.4,3.5714285714285716,5.0,3.6666666666666665,4.333333333333333
2023-10-18 15:29:48,2023-10-18 15:31:11,0,218.41.40.84,100,83,1,2023-10-18 15:31:12,R_3h40c9HTMgw5mNl,,,,,35.1858,136.9027,anonymous,JA,,,,,2,5,6,5,5,2,2,3,2,5,2,5,5,5,5,6,4,5,4,4,4,5,5,2,2,6,5,3,6,RO86406,1228585,86406,1228585,5.4,5.571428571428571,5.0,4.5,5.666666666666667
2023-10-18 15:30:45,2023-10-18 15:32:03,0,60.112.246.48,100,77,1,2023-10-18 15:32:03,R_BEBsXcEQtwWUPYd,,,,,35.6837,139.6805,anonymous,JA,,,,,6,1,3,2,2,6,7,7,7,3,6,4,7,7,7,7,5,2,2,4,2,3,4,5,5,4,3,6,2,RO24976,1445649,24976,1445649,2.0,2.0,6.6,2.8333333333333335,2.8333333333333335
2023-10-18 15:31:35,2023-10-18 15:32:55,0,118.9.148.128,100,80,1,2023-10-18 15:32:56,R_3lzhaVUbIGWkHzr,,,,,38.9183,139.8506,anonymous,JA,,,,,5,2,3,2,4,3,2,1,2,5,2,3,4,1,2,5,1,1,1,4,3,3,5,1,1,6,5,2,3,RO79419,517742,79419,517742,2.8,5.428571428571429,2.6,2.8333333333333335,5.666666666666667
2023-10-18 15:31:55,2023-10-18 15:33:44,0,60.87.172.141,100,109,1,2023-10-18 15:33:45,R_3OdpEyi61mjtDFL,,,,,35.6897,139.6895,anonymous,JA,,,,,3,5,5,4,5,4,4,5,3,5,3,5,5,5,4,3,3,3,4,2,5,5,5,2,3,5,5,4,5,RO75110,4790284,75110,4790284,4.8,4.428571428571429,4.0,4.0,5.0
2023-10-18 15:29:16,2023-10-18 15:33:58,0,36.3.165.69,100,281,1,2023-10-18 15:33:59,R_2dYHosgqyPLcyxH,,,,,43.0873,141.358,anonymous,JA,,,,,2,3,4,2,4,1,1,1,1,7,1,7,6,6,5,6,3,2,2,2,2,2,3,2,2,6,5,2,6,RO19423,148287,19423,148287,3.8,7.0,5.2,2.1666666666666665,5.833333333333333
2023-10-18 15:33:51,2023-10-18 15:35:26,0,114.163.22.7,100,95,1,2023-10-18 15:35:27,R_3KZOcGG1bxjnApX,,,,,38.2988,141.0028,anonymous,JA,,,,,3,5,5,5,6,2,3,2,1,6,3,5,2,3,3,6,1,5,6,4,6,6,3,3,4,6,6,2,6,RO47214,2286689,47214,2286689,5.2,5.714285714285714,3.0,5.0,5.5
2023-10-18 15:33:31,2023-10-18 15:35:42,0,153.180.177.109,100,130,1,2023-10-18 15:35:42,R_2cwoyk7gQU7baGT,,,,,35.6897,139.6895,anonymous,JA,,,,,4,3,3,3,3,2,2,1,1,6,2,6,5,6,3,6,2,3,2,3,3,3,2,1,1,6,6,1,6,RO40172,2933739,40172,2933739,3.2,6.285714285714286,4.4,2.6666666666666665,6.5
2023-10-18 15:35:48,2023-10-18 15:37:08,0,126.73.242.98,100,80,1,2023-10-18 15:37:09,R_2Vk04NBSHMVcH92,,,,,35.8474,139.3161,anonymous,JA,,,,,6,1,1,1,1,1,1,1,4,7,1,4,7,7,7,7,4,4,4,1,4,1,1,4,2,4,4,1,4,RO89675,4516926,89675,4516926,1.2,6.142857142857143,6.4,2.5,4.833333333333333
2023-10-18 15:37:34,2023-10-18 15:39:32,0,217.178.137.130,100,117,1,2023-10-18 15:39:33,R_XnbzHgix3QyN3JT,,,,,35.6837,139.6805,anonymous,JA,,,,,5,3,3,2,3,2,1,3,5,6,2,7,5,6,5,5,5,3,5,2,4,3,3,5,5,5,3,5,3,RO86617,1034994,86617,1034994,2.8,5.714285714285714,5.2,3.3333333333333335,3.3333333333333335
2023-10-18 15:40:21,2023-10-18 15:41:40,0,202.243.77.43,100,78,1,2023-10-18 15:41:40,R_2TvooMXktVqIoZJ,,,,,34.8642,137.0466,anonymous,JA,,,,,4,4,4,3,3,3,3,2,3,6,3,4,6,7,5,6,3,2,4,2,4,4,3,3,4,4,3,4,4,RO73778,4639437,73778,4639437,3.6,5.142857142857143,5.4,3.1666666666666665,4.0
2023-10-18 15:40:16,2023-10-18 15:42:06,0,133.106.224.90,100,110,1,2023-10-18 15:42:06,R_3Rfr70ihaodGgtT,,,,,34.6869,135.5211,anonymous,JA,,,,,3,5,4,5,5,2,3,2,3,5,2,3,3,3,3,3,2,3,4,3,4,4,4,3,3,4,3,3,4,RO33801,945548,33801,945548,4.8,5.142857142857143,2.8,3.6666666666666665,4.333333333333333
2023-10-18 15:40:52,2023-10-18 15:42:32,0,106.154.152.127,100,99,1,2023-10-18 15:42:33,R_3ME7NIvnmLq0md2,,,,,35.6897,139.6895,anonymous,JA,,,,,3,3,5,3,3,3,3,4,3,4,4,4,4,4,4,4,3,3,4,5,4,4,5,4,4,4,4,4,4,RO39188,669855,39188,669855,3.8,4.428571428571429,3.8,4.166666666666667,4.0
2023-10-18 15:42:10,2023-10-18 15:44:28,0,119.150.70.164,100,138,1,2023-10-18 15:44:29,R_2zAOlpR6yW4ScQb,,,,,35.6143,140.1062,anonymous,JA,,,,,5,3,3,3,4,5,5,2,6,3,4,6,4,5,6,5,3,2,3,3,4,6,5,2,4,5,5,4,4,RO39343,62735,39343,62735,3.2,3.857142857142857,4.6,3.8333333333333335,4.666666666666667
2023-10-18 15:45:24,2023-10-18 15:46:41,0,116.64.150.104,100,77,1,2023-10-18 15:46:42,R_wXjYFZ31oY8IqsN,,,,,35.6544,139.6142,anonymous,JA,,,,,1,5,5,5,4,3,2,4,3,5,5,5,6,6,6,6,2,2,2,2,5,5,5,5,7,2,3,3,5,RO69025,5057931,69025,5057931,5.2,4.714285714285714,5.2,3.5,3.1666666666666665
2023-10-18 15:45:50,2023-10-18 15:47:22,0,153.180.177.109,100,92,1,2023-10-18 15:47:22,R_2qpKCMuzDZM99uB,,,,,35.6897,139.6895,anonymous,JA,,,,,4,4,5,4,5,2,3,3,2,5,3,5,3,3,2,2,2,4,4,3,3,4,3,2,3,5,5,3,5,RO31710,3366361,31710,3366361,4.4,5.285714285714286,2.4,3.5,5.166666666666667
2023-10-18 15:42:47,2023-10-18 15:47:31,0,58.188.31.192,100,284,1,2023-10-18 15:47:32,R_210atHiEsdjWyhQ,,,,,34.7415,135.1564,anonymous,JA,,,,,4,3,4,2,3,4,6,4,6,3,4,3,5,5,5,5,5,3,3,3,3,3,3,3,3,5,5,3,4,RO21217,1526455,21217,1526455,3.2,3.142857142857143,5.0,3.0,4.833333333333333
2023-10-18 15:34:51,2023-10-18 15:50:04,0,60.124.23.27,100,912,1,2023-10-18 15:50:04,R_vvMllERe7jicpFf,,,,,35.8924,139.6224,anonymous,JA,,,,,6,1,2,1,2,1,2,2,3,6,2,4,7,7,6,7,5,1,3,1,4,6,2,2,3,6,5,1,6,RO98893,603644,98893,603644,1.6,5.714285714285714,6.4,2.8333333333333335,5.833333333333333
2023-10-18 15:51:06,2023-10-18 15:54:05,0,61.199.159.182,100,178,1,2023-10-18 15:54:06,R_5mVy7ARMmTqlIKl,,,,,35.6897,139.6895,anonymous,JA,,,,,4,1,4,1,2,4,4,2,4,4,3,5,7,6,7,7,5,4,3,1,2,3,4,4,4,5,6,2,4,RO40162,1773443,40162,1773443,2.4,4.571428571428571,6.4,2.8333333333333335,4.833333333333333
2023-10-18 15:52:48,2023-10-18 15:54:22,0,133.106.37.163,100,94,1,2023-10-18 15:54:23,R_eyyKrtaHkYp1eA9,,,,,35.6837,139.6805,anonymous,JA,,,,,2,5,5,5,5,2,2,2,2,5,2,6,4,4,4,5,3,3,4,4,4,5,5,1,1,6,6,3,6,RO14716,3020283,14716,3020283,5.2,5.857142857142857,4.0,4.166666666666667,6.166666666666667
2023-10-18 15:36:48,2023-10-18 15:54:28,0,222.228.132.65,100,1059,1,2023-10-18 15:54:28,R_1IzNNxP6y3Af1PH,,,,,34.6947,135.5,anonymous,JA,,,,,3,3,3,5,3,3,5,2,3,3,3,3,3,5,3,5,3,5,3,5,3,3,3,5,5,5,5,3,3,RO42642,329254,42642,329254,3.8,4.285714285714286,3.8,3.6666666666666665,4.0
2023-10-18 15:57:45,2023-10-18 15:58:54,0,5.8.24.237,100,68,1,2023-10-18 15:58:54,R_2qlLDJuiRy2r2e7,,,,,37.3931,-121.962,anonymous,JA,,,,,1,6,6,6,7,2,1,1,2,6,2,6,1,2,1,2,1,4,6,5,4,6,6,2,2,5,5,3,5,RO70128,466071,70128,466071,6.4,6.285714285714286,1.4,5.166666666666667,5.333333333333333
2023-10-18 15:57:35,2023-10-18 15:59:44,0,180.31.200.103,100,128,1,2023-10-18 15:59:44,R_3P4S3TgMIfYIYXq,,,,,35.7038,139.7377,anonymous,JA,,,,,3,3,5,2,3,5,5,4,6,3,5,5,7,7,5,6,5,5,1,3,2,2,4,5,4,5,6,4,4,RO95379,2141268,95379,2141268,3.6,3.2857142857142856,6.0,2.8333333333333335,4.333333333333333
2023-10-18 16:00:00,2023-10-18 16:03:12,0,114.162.133.6,100,192,1,2023-10-18 16:03:13,R_3nUe4gYyXC4RKDz,,,,,38.2138,140.9199,anonymous,JA,,,,,7,2,2,2,2,5,6,6,5,2,6,2,7,6,7,6,5,1,1,2,1,2,2,5,6,2,1,6,1,RO81800,4409144,81800,4409144,1.8,2.2857142857142856,6.2,1.5,1.8333333333333333
2023-10-18 16:04:12,2023-10-18 16:06:39,0,60.238.253.61,100,147,1,2023-10-18 16:06:40,R_1gMSksllWFD863Q,,,,,35.0203,135.7602,anonymous,JA,,,,,6,2,2,2,2,3,3,4,3,5,4,5,6,6,6,7,5,3,4,4,4,4,3,5,5,4,4,3,4,RO92591,1790440,92591,1790440,2.0,4.714285714285714,6.0,3.6666666666666665,3.8333333333333335
2023-10-18 16:21:56,2023-10-18 16:23:20,0,203.189.35.126,100,84,1,2023-10-18 16:23:21,R_eJcZ0nZaIfTSTYZ,,,,,34.0634,131.04,anonymous,JA,,,,,6,1,3,2,3,5,4,4,4,2,3,5,5,6,6,4,5,2,5,5,3,4,3,5,5,4,3,4,4,RO12964,4189255,12964,4189255,2.2,3.857142857142857,5.2,3.6666666666666665,3.5
2023-10-18 16:39:14,2023-10-18 16:41:31,0,27.92.154.27,100,136,1,2023-10-18 16:41:31,R_1mLa1Pic4ngTPFd,,,,,35.4643,139.6262,anonymous,JA,,,,,3,5,5,5,5,1,1,5,4,5,1,6,7,7,7,7,4,1,2,3,4,3,4,2,2,5,5,4,5,RO55345,4662595,55345,4662595,5.0,5.571428571428571,6.4,2.8333333333333335,5.166666666666667
2023-10-18 16:49:09,2023-10-18 16:51:29,0,182.255.70.52,100,140,1,2023-10-18 16:51:29,R_xEFryrnqnwT8L3r,,,,,34.7673,137.3854,anonymous,JA,,,,,4,3,4,3,4,3,3,4,3,5,3,5,4,5,3,5,3,4,4,4,4,4,4,4,4,4,4,4,4,RO97776,244690,97776,244690,3.6,4.857142857142857,4.0,4.0,4.0
2023-10-18 16:56:38,2023-10-18 16:58:12,0,114.155.96.68,100,94,1,2023-10-18 16:58:13,R_8dci9GiVxmNiH9D,,,,,34.5018,135.8553,anonymous,JA,,,,,5,2,2,2,3,2,2,2,2,6,2,6,6,6,6,6,5,4,3,3,4,3,3,4,4,4,3,5,4,RO15324,4087419,15324,4087419,2.4,6.0,5.8,3.3333333333333335,3.6666666666666665
2023-10-18 16:58:35,2023-10-18 17:00:56,0,118.241.202.145,100,141,1,2023-10-18 17:00:57,R_8j3o0NOkADujOOR,,,,,35.7677,139.8587,anonymous,JA,,,,,4,2,4,2,3,5,5,3,4,5,4,4,5,5,5,6,2,3,3,5,5,3,5,4,4,5,5,5,5,RO30652,3327831,30652,3327831,3.0,4.0,4.6,4.0,4.333333333333333
2023-10-18 16:58:43,2023-10-18 17:01:03,0,220.147.163.119,100,139,1,2023-10-18 17:01:04,R_2dLWTeP3VbB1W6H,,,,,34.6946,135.5021,anonymous,JA,,,,,5,3,3,2,6,1,1,1,2,6,1,6,6,7,5,7,1,3,5,5,2,6,5,1,1,7,5,3,7,RO18860,2511924,18860,2511924,3.4,6.571428571428571,5.2,4.333333333333333,6.333333333333333
2023-10-18 17:01:03,2023-10-18 17:02:06,0,114.155.96.68,100,62,1,2023-10-18 17:02:06,R_3g0mKhCVdKevsrQ,,,,,34.5018,135.8553,anonymous,JA,,,,,2,6,5,6,6,3,3,4,3,5,4,5,4,5,4,4,3,4,4,5,4,5,5,4,4,4,4,4,4,RO39570,5023829,39570,5023829,5.8,4.714285714285714,4.0,4.5,4.0
2023-10-18 17:06:17,2023-10-18 17:07:29,0,115.179.109.239,100,71,1,2023-10-18 17:07:30,R_RXnovnYUtS112Nj,,,,,33.8518,130.8503,anonymous,JA,,,,,1,7,6,7,7,5,5,5,3,2,5,2,1,2,1,1,1,3,5,5,2,6,5,4,3,6,5,3,5,RO37528,4074220,37528,4074220,6.8,3.0,1.2,4.333333333333333,5.0
2023-10-18 17:09:25,2023-10-18 17:12:18,0,150.66.85.172,100,172,1,2023-10-18 17:12:19,R_9M5kFQv3br54cWR,,,,,35.6897,139.6895,anonymous,JA,,,,,3,4,5,4,4,4,4,4,4,4,4,5,5,5,5,4,4,4,4,4,3,5,5,4,4,4,5,3,4,RO98543,4802537,98543,4802537,4.4,4.142857142857143,4.6,4.166666666666667,4.333333333333333
2023-10-18 17:13:51,2023-10-18 17:15:23,0,5.8.24.231,100,91,1,2023-10-18 17:15:24,R_3DcF08KVq22udPR,,,,,37.3931,-121.962,anonymous,JA,,,,,3,6,5,6,6,3,3,5,1,4,4,6,3,3,2,2,1,4,5,4,3,5,5,3,3,6,6,3,5,RO78305,4707138,78305,4707138,5.6,4.857142857142857,2.2,4.333333333333333,5.333333333333333
2023-10-18 17:16:01,2023-10-18 17:17:51,0,126.207.196.232,100,109,1,2023-10-18 17:17:52,R_2ANhSNho81nZCSj,,,,,34.6837,135.5236,anonymous,JA,,,,,4,1,4,1,4,4,4,5,4,5,1,5,7,6,5,5,5,1,5,4,5,5,6,4,3,4,4,4,4,RO48553,72383031,48553,72383031,2.8,4.571428571428571,5.6,4.333333333333333,4.166666666666667
2023-10-18 17:22:03,2023-10-18 17:24:25,0,114.180.56.224,100,142,1,2023-10-18 17:24:26,R_410tL2nPsBDdr4R,,,,,35.4346,139.6483,anonymous,JA,,,,,4,3,3,3,5,3,3,4,3,5,3,5,5,5,5,5,2,2,3,2,3,3,4,4,3,5,5,3,5,RO77784,4866321,77784,4866321,3.6,4.857142857142857,4.4,2.8333333333333335,4.833333333333333
2023-10-18 17:29:26,2023-10-18 17:30:45,0,175.177.223.74,100,79,1,2023-10-18 17:30:46,R_2YRNUJsc6pz6CEZ,,,,,35.4495,139.5754,anonymous,JA,,,,,4,1,3,1,1,6,6,4,6,3,5,2,6,7,7,6,6,1,3,3,5,2,2,3,3,4,3,5,1,RO32803,2848289,32803,2848289,2.0,2.5714285714285716,6.4,2.6666666666666665,3.5
2023-10-18 17:49:32,2023-10-18 17:50:51,0,153.173.25.8,100,78,1,2023-10-18 17:50:52,R_3Hi6mQ1fbKU7kfH,,,,,44.305,142.6462,anonymous,JA,,,,,5,3,3,3,3,2,1,1,4,6,1,4,5,5,3,5,1,3,4,4,4,5,4,5,4,5,4,2,5,RO70460,5098660,70460,5098660,3.0,5.857142857142857,3.8,4.0,4.5
2023-10-18 18:06:13,2023-10-18 18:08:52,0,106.150.243.118,100,158,1,2023-10-18 18:08:53,R_2wSmQ1BWtduALKV,,,,,35.8691,139.6582,anonymous,JA,,,,,5,1,2,1,2,6,7,7,6,2,7,3,5,6,5,5,5,1,3,3,1,3,2,6,6,1,2,7,2,RO28643,3831171,28643,3831171,1.8,1.7142857142857142,5.2,2.1666666666666665,1.6666666666666667
2023-10-18 19:24:02,2023-10-18 19:26:37,0,133.175.174.141,100,154,1,2023-10-18 19:26:38,R_1rN5MThlGFwd1ot,,,,,35.6897,139.6895,anonymous,JA,,,,,5,3,2,3,3,4,4,3,5,6,4,6,5,6,4,6,5,3,4,5,4,3,5,4,4,4,4,3,3,RO54517,178919,54517,178919,2.8,4.571428571428571,5.2,4.0,4.0
2023-10-18 20:04:35,2023-10-18 20:06:10,0,153.194.105.138,100,94,1,2023-10-18 20:06:11,R_3JE0vGAN08EbfIL,,,,,33.5564,133.5437,anonymous,JA,,,,,3,2,2,1,2,7,6,6,6,3,5,2,7,6,6,6,7,2,2,2,3,5,3,1,2,5,6,2,3,RO30912,5204801,30912,204801,2.4,2.142857142857143,6.4,2.8333333333333335,5.5
2023-10-18 20:40:59,2023-10-18 20:42:31,0,114.172.249.2,100,91,1,2023-10-18 20:42:32,R_eJW2poakhhONR3X,,,,,35.7485,140.6305,anonymous,JA,,,,,7,3,3,3,1,2,3,2,3,5,3,4,7,7,6,7,5,2,3,3,2,3,2,6,6,5,3,5,4,RO39036,5021995,39036,5021995,2.2,5.142857142857143,6.4,2.5,3.1666666666666665
2023-10-18 21:06:43,2023-10-18 21:08:25,0,42.127.164.173,100,102,1,2023-10-18 21:08:26,R_276XGoHmgBjGvQl,,,,,34.7642,138.0092,anonymous,JA,,,,,4,2,4,2,4,3,4,4,2,4,4,5,3,4,3,3,2,3,4,3,4,3,3,2,1,6,4,4,5,RO67871,4021758,67871,4021758,3.2,4.571428571428571,3.0,3.3333333333333335,5.333333333333333
2023-10-18 21:12:43,2023-10-18 21:14:47,0,106.185.150.235,100,123,1,2023-10-18 21:14:47,R_3fxhb1AvcDIyBKv,,,,,34.724,135.2627,anonymous,JA,,,,,3,5,4,3,3,6,6,6,6,4,5,3,3,5,5,5,3,2,5,3,5,5,5,5,3,5,5,3,5,RO28494,4508331,28494,4508331,4.0,2.5714285714285716,4.2,4.166666666666667,4.666666666666667
2023-10-18 21:18:11,2023-10-18 21:20:18,0,174.92.173.244,100,126,1,2023-10-18 21:20:18,R_2w7w4AVoYSGpAMW,,,,,45.4783,-75.7041,anonymous,JA,,,,,3,4,5,4,5,4,3,4,4,6,3,5,3,3,5,5,2,5,4,4,5,5,6,4,4,6,5,4,5,RO54743,5108946,54743,5108946,4.6,4.714285714285714,3.6,4.833333333333333,4.666666666666667
2023-10-18 22:09:22,2023-10-18 22:11:38,0,219.113.61.225,100,135,1,2023-10-18 22:11:38,R_3lFa8WqRbM2At9j,,,,,35.1926,136.906,anonymous,JA,,,,,6,3,2,2,3,5,5,5,5,4,3,6,4,5,3,5,1,2,4,3,3,5,2,2,1,6,6,6,6,RO49268,494309,49268,494309,2.4,3.857142857142857,3.6,3.1666666666666665,5.5
2023-10-18 23:07:03,2023-10-18 23:09:08,0,59.166.170.54,100,124,1,2023-10-18 23:09:08,R_3Pnkzg6N7Ssm3Gt,,,,,35.6725,139.4995,anonymous,JA,,,,,2,3,6,3,4,2,2,2,3,6,2,6,5,4,3,3,3,5,4,3,5,6,6,2,3,5,5,4,5,RO63865,712304,63865,712304,4.4,5.857142857142857,3.6,4.833333333333333,5.0
2023-10-19 05:39:08,2023-10-19 05:41:02,0,1.73.148.126,100,114,1,2023-10-19 05:41:03,R_33CimZWOt3pQnRc,,,,,35.6837,139.6805,anonymous,JA,,,,,3,2,3,2,2,5,6,6,5,2,5,5,5,7,5,7,5,2,2,2,3,3,3,2,3,5,6,3,3,RO91358,4222839,91358,4222839,2.8,2.857142857142857,5.8,2.5,5.0
